idclientes;nome;;;;
1;Cliente 1;;;;
4;Cliente 4;;;;
5;Cliente 5;;;;
6;Cliente 6;;;;
7;Cliente 7;;;;
8;Cliente 8;;;;
9;Cliente 9;;;;
10;Cliente 10;;;;
11;Cliente 11;;;;
12;Cliente 12;;;;
13;Cliente 13;;;;
14;Cliente 14;;;;
15;Cliente 15;;;;
16;Cliente 16;;;;
17;Cliente 17;;;;
18;Cliente 18;;;;
19;Cliente 19;;;;
20;Cliente 20;;;;
21;Cliente 21;;;;
22;Cliente 22;;;;
23;Cliente 23;;;;
24;Cliente 24;;;;
25;Cliente 25;;;;
26;Cliente 26;;;;
27;Cliente 27;;;;
28;Cliente 28;;;;
29;Cliente 29;;;;
30;Cliente 30;;;;
31;Cliente 31;;;;
32;Cliente 32;;;;
33;Cliente 33;;;;
34;Cliente 34;;;;
35;Cliente 35;;;;
36;Cliente 36;;;;
37;Cliente 37;;;;
38;Cliente 38;;;;
39;Cliente 39;;;;
40;Cliente 40;;;;
41;Cliente 41;;;;
42;Cliente 42;;;;
43;Cliente 43;;;;
44;Cliente 44;;;;
45;Cliente 45;;;;
46;Cliente 46;;;;
47;Cliente 47;;;;
48;Cliente 48;;;;
49;Cliente 49;;;;
50;Cliente 50;;;;
51;Cliente 51;;;;
52;Cliente 52;;;;
53;Cliente 53;;;;
54;Cliente 54;;;;
55;Cliente 55;;;;
56;Cliente 56;;;;
57;Cliente 57;;;;
58;Cliente 58;;;;
59;Cliente 59;;;;
60;Cliente 60;;;;
61;Cliente 61;;;;
62;Cliente 62;;;;
63;Cliente 63;;;;
64;Cliente 64;;;;
65;Cliente 65;;;;
66;Cliente 66;;;;
67;Cliente 67;;;;
68;Cliente 68;;;;
69;Cliente 69;;;;
70;Cliente 70;;;;
71;Cliente 71;;;;
72;Cliente 72;;;;
73;Cliente 73;;;;
74;Cliente 74;;;;
75;Cliente 75;;;;
76;Cliente 76;;;;
77;Cliente 77;;;;
78;Cliente 78;;;;
79;Cliente 79;;;;
80;Cliente 80;;;;
81;Cliente 81;;;;
82;Cliente 82;;;;
83;Cliente 83;;;;
84;Cliente 84;;;;
85;Cliente 85;;;;
86;Cliente 86;;;;
87;Cliente 87;;;;
88;Cliente 88;;;;
89;Cliente 89;;;;
90;Cliente 90;;;;
91;Cliente 91;;;;
92;Cliente 92;;;;
93;Cliente 93;;;;
94;Cliente 94;;;;
95;Cliente 95;;;;
96;Cliente 96;;;;
97;Cliente 97;;;;
98;Cliente 98;;;;
99;Cliente 99;;;;
100;Cliente 100;;;;
101;Cliente 101;;;;
102;Cliente 102;;;;
103;Cliente 103;;;;
104;Cliente 104;;;;
105;Cliente 105;;;;
106;Cliente 106;;;;
107;Cliente 107;;;;
108;Cliente 108;;;;
109;Cliente 109;;;;
110;Cliente 110;;;;
111;Cliente 111;;;;
112;Cliente 112;;;;
113;Cliente 113;;;;
114;Cliente 114;;;;
115;Cliente 115;;;;
116;Cliente 116;;;;
117;Cliente 117;;;;
118;Cliente 118;;;;
119;Cliente 119;;;;
120;Cliente 120;;;;
121;Cliente 121;;;;
122;Cliente 122;;;;
123;Cliente 123;;;;
124;Cliente 124;;;;
125;Cliente 125;;;;
126;Cliente 126;;;;
127;Cliente 127;;;;
128;Cliente 128;;;;
129;Cliente 129;;;;
130;Cliente 130;;;;
131;Cliente 131;;;;
132;Cliente 132;;;;
133;Cliente 133;;;;
134;Cliente 134;;;;
135;Cliente 135;;;;
136;Cliente 136;;;;
137;Cliente 137;;;;
138;Cliente 138;;;;
139;Cliente 139;;;;
140;Cliente 140;;;;
141;Cliente 141;;;;
142;Cliente 142;;;;
143;Cliente 143;;;;
144;Cliente 144;;;;
145;Cliente 145;;;;
146;Cliente 146;;;;
147;Cliente 147;;;;
148;Cliente 148;;;;
149;Cliente 149;;;;
150;Cliente 150;;;;
151;Cliente 151;;;;
152;Cliente 152;;;;
153;Cliente 153;;;;
154;Cliente 154;;;;
155;Cliente 155;;;;
156;Cliente 156;;;;
157;Cliente 157;;;;
158;Cliente 158;;;;
159;Cliente 159;;;;
160;Cliente 160;;;;
161;Cliente 161;;;;
162;Cliente 162;;;;
163;Cliente 163;;;;
164;Cliente 164;;;;
165;Cliente 165;;;;
166;Cliente 166;;;;
167;Cliente 167;;;;
168;Cliente 168;;;;
169;Cliente 169;;;;
170;Cliente 170;;;;
171;Cliente 171;;;;
172;Cliente 172;;;;
173;Cliente 173;;;;
174;Cliente 174;;;;
175;Cliente 175;;;;
176;Cliente 176;;;;
177;Cliente 177;;;;
178;Cliente 178;;;;
179;Cliente 179;;;;
180;Cliente 180;;;;
181;Cliente 181;;;;
182;Cliente 182;;;;
183;Cliente 183;;;;
184;Cliente 184;;;;
185;Cliente 185;;;;
186;Cliente 186;;;;
187;Cliente 187;;;;
188;Cliente 188;;;;
189;Cliente 189;;;;
190;Cliente 190;;;;
191;Cliente 191;;;;
192;Cliente 192;;;;
193;Cliente 193;;;;
194;Cliente 194;;;;
195;Cliente 195;;;;
196;Cliente 196;;;;
197;Cliente 197;;;;
198;Cliente 198;;;;
199;Cliente 199;;;;
200;Cliente 200;;;;
201;Cliente 201;;;;
202;Cliente 202;;;;
203;Cliente 203;;;;
204;Cliente 204;;;;
205;Cliente 205;;;;
206;Cliente 206;;;;
207;Cliente 207;;;;
208;Cliente 208;;;;
209;Cliente 209;;;;
210;Cliente 210;;;;
211;Cliente 211;;;;
212;Cliente 212;;;;
213;Cliente 213;;;;
214;Cliente 214;;;;
215;Cliente 215;;;;
216;Cliente 216;;;;
217;Cliente 217;;;;
218;Cliente 218;;;;
219;Cliente 219;;;;
220;Cliente 220;;;;
221;Cliente 221;;;;
222;Cliente 222;;;;
223;Cliente 223;;;;
224;Cliente 224;;;;
225;Cliente 225;;;;
226;Cliente 226;;;;
227;Cliente 227;;;;
228;Cliente 228;;;;
229;Cliente 229;;;;
230;Cliente 230;;;;
231;Cliente 231;;;;
232;Cliente 232;;;;
233;Cliente 233;;;;
234;Cliente 234;;;;
235;Cliente 235;;;;
236;Cliente 236;;;;
237;Cliente 237;;;;
238;Cliente 238;;;;
239;Cliente 239;;;;
240;Cliente 240;;;;
241;Cliente 241;;;;
242;Cliente 242;;;;
243;Cliente 243;;;;
244;Cliente 244;;;;
245;Cliente 245;;;;
246;Cliente 246;;;;
247;Cliente 247;;;;
248;Cliente 248;;;;
249;Cliente 249;;;;
250;Cliente 250;;;;
251;Cliente 251;;;;
252;Cliente 252;;;;
253;Cliente 253;;;;
254;Cliente 254;;;;
255;Cliente 255;;;;
256;Cliente 256;;;;
257;Cliente 257;;;;
258;Cliente 258;;;;
259;Cliente 259;;;;
260;Cliente 260;;;;
261;Cliente 261;;;;
262;Cliente 262;;;;
263;Cliente 263;;;;
264;Cliente 264;;;;
265;Cliente 265;;;;
266;Cliente 266;;;;
267;Cliente 267;;;;
268;Cliente 268;;;;
269;Cliente 269;;;;
270;Cliente 270;;;;
271;Cliente 271;;;;
272;Cliente 272;;;;
273;Cliente 273;;;;
274;Cliente 274;;;;
275;Cliente 275;;;;
276;Cliente 276;;;;
277;Cliente 277;;;;
278;Cliente 278;;;;
279;Cliente 279;;;;
280;Cliente 280;;;;
281;Cliente 281;;;;
282;Cliente 282;;;;
283;Cliente 283;;;;
284;Cliente 284;;;;
285;Cliente 285;;;;
286;Cliente 286;;;;
287;Cliente 287;;;;
288;Cliente 288;;;;
289;Cliente 289;;;;
290;Cliente 290;;;;
291;Cliente 291;;;;
292;Cliente 292;;;;
293;Cliente 293;;;;
294;Cliente 294;;;;
295;Cliente 295;;;;
296;Cliente 296;;;;
297;Cliente 297;;;;
298;Cliente 298;;;;
299;Cliente 299;;;;
300;Cliente 300;;;;
301;Cliente 301;;;;
302;Cliente 302;;;;
303;Cliente 303;;;;
304;Cliente 304;;;;
305;Cliente 305;;;;
306;Cliente 306;;;;
307;Cliente 307;;;;
308;Cliente 308;;;;
309;Cliente 309;;;;
310;Cliente 310;;;;
311;Cliente 311;;;;
312;Cliente 312;;;;
313;Cliente 313;;;;
314;Cliente 314;;;;
315;Cliente 315;;;;
316;Cliente 316;;;;
317;Cliente 317;;;;
318;Cliente 318;;;;
319;Cliente 319;;;;
320;Cliente 320;;;;
321;Cliente 321;;;;
322;Cliente 322;;;;
323;Cliente 323;;;;
324;Cliente 324;;;;
325;Cliente 325;;;;
326;Cliente 326;;;;
327;Cliente 327;;;;
328;Cliente 328;;;;
329;Cliente 329;;;;
330;Cliente 330;;;;
331;Cliente 331;;;;
332;Cliente 332;;;;
333;Cliente 333;;;;
334;Cliente 334;;;;
335;Cliente 335;;;;
336;Cliente 336;;;;
337;Cliente 337;;;;
338;Cliente 338;;;;
339;Cliente 339;;;;
340;Cliente 340;;;;
341;Cliente 341;;;;
342;Cliente 342;;;;
343;Cliente 343;;;;
344;Cliente 344;;;;
345;Cliente 345;;;;
346;Cliente 346;;;;
347;Cliente 347;;;;
348;Cliente 348;;;;
349;Cliente 349;;;;
350;Cliente 350;;;;
351;Cliente 351;;;;
352;Cliente 352;;;;
353;Cliente 353;;;;
354;Cliente 354;;;;
355;Cliente 355;;;;
356;Cliente 356;;;;
357;Cliente 357;;;;
358;Cliente 358;;;;
359;Cliente 359;;;;
360;Cliente 360;;;;
361;Cliente 361;;;;
362;Cliente 362;;;;
363;Cliente 363;;;;
364;Cliente 364;;;;
365;Cliente 365;;;;
366;Cliente 366;;;;
367;Cliente 367;;;;
368;Cliente 368;;;;
369;Cliente 369;;;;
370;Cliente 370;;;;
371;Cliente 371;;;;
372;Cliente 372;;;;
373;Cliente 373;;;;
374;Cliente 374;;;;
375;Cliente 375;;;;
376;Cliente 376;;;;
377;Cliente 377;;;;
378;Cliente 378;;;;
379;Cliente 379;;;;
380;Cliente 380;;;;
381;Cliente 381;;;;
382;Cliente 382;;;;
383;Cliente 383;;;;
384;Cliente 384;;;;
385;Cliente 385;;;;
386;Cliente 386;;;;
387;Cliente 387;;;;
388;Cliente 388;;;;
389;Cliente 389;;;;
390;Cliente 390;;;;
391;Cliente 391;;;;
392;Cliente 392;;;;
393;Cliente 393;;;;
394;Cliente 394;;;;
395;Cliente 395;;;;
396;Cliente 396;;;;
397;Cliente 397;;;;
398;Cliente 398;;;;
399;Cliente 399;;;;
400;Cliente 400;;;;
401;Cliente 401;;;;
402;Cliente 402;;;;
403;Cliente 403;;;;
404;Cliente 404;;;;
405;Cliente 405;;;;
406;Cliente 406;;;;
407;Cliente 407;;;;
408;Cliente 408;;;;
409;Cliente 409;;;;
410;Cliente 410;;;;
411;Cliente 411;;;;
412;Cliente 412;;;;
413;Cliente 413;;;;
414;Cliente 414;;;;
415;Cliente 415;;;;
416;Cliente 416;;;;
417;Cliente 417;;;;
418;Cliente 418;;;;
419;Cliente 419;;;;
420;Cliente 420;;;;
421;Cliente 421;;;;
422;Cliente 422;;;;
423;Cliente 423;;;;
424;Cliente 424;;;;
425;Cliente 425;;;;
426;Cliente 426;;;;
427;Cliente 427;;;;
428;Cliente 428;;;;
429;Cliente 429;;;;
430;Cliente 430;;;;
431;Cliente 431;;;;
432;Cliente 432;;;;
433;Cliente 433;;;;
434;Cliente 434;;;;
435;Cliente 435;;;;
436;Cliente 436;;;;
437;Cliente 437;;;;
438;Cliente 438;;;;
439;Cliente 439;;;;
440;Cliente 440;;;;
441;Cliente 441;;;;
442;Cliente 442;;;;
443;Cliente 443;;;;
444;Cliente 444;;;;
445;Cliente 445;;;;
446;Cliente 446;;;;
447;Cliente 447;;;;
448;Cliente 448;;;;
449;Cliente 449;;;;
450;Cliente 450;;;;
451;Cliente 451;;;;
452;Cliente 452;;;;
453;Cliente 453;;;;
454;Cliente 454;;;;
455;Cliente 455;;;;
456;Cliente 456;;;;
457;Cliente 457;;;;
458;Cliente 458;;;;
459;Cliente 459;;;;
460;Cliente 460;;;;
461;Cliente 461;;;;
462;Cliente 462;;;;
463;Cliente 463;;;;
464;Cliente 464;;;;
465;Cliente 465;;;;
466;Cliente 466;;;;
467;Cliente 467;;;;
468;Cliente 468;;;;
469;Cliente 469;;;;
470;Cliente 470;;;;
471;Cliente 471;;;;
472;Cliente 472;;;;
473;Cliente 473;;;;
474;Cliente 474;;;;
475;Cliente 475;;;;
476;Cliente 476;;;;
477;Cliente 477;;;;
478;Cliente 478;;;;
479;Cliente 479;;;;
480;Cliente 480;;;;
481;Cliente 481;;;;
482;Cliente 482;;;;
483;Cliente 483;;;;
484;Cliente 484;;;;
485;Cliente 485;;;;
486;Cliente 486;;;;
487;Cliente 487;;;;
488;Cliente 488;;;;
489;Cliente 489;;;;
